{"cameraMode":{"drawMode":0,"name":"Shaded","section":"Shading Mode"},"sceneLighting":false,"audioPlay":false,"sceneViewState":{"m_AlwaysRefresh":false,"showFog":true,"showSkybox":false,"showFlares":true,"showImageEffects":true,"showParticleSystems":true,"showVisualEffectGraphs":true,"m_FxEnabled":true},"in2DMode":false,"pivot":{"x":1.5520999431610108,"y":0.164000004529953,"z":-1.9802000522613526},"rotation":{"x":0.010211192071437836,"y":-0.8714742660522461,"z":0.4902333617210388,"w":0.01865861564874649},"size":0.3690698444843292,"orthographic":false}