{"cameraMode":{"drawMode":0,"name":"Shaded","section":"Shading Mode"},"sceneLighting":false,"audioPlay":false,"sceneViewState":{"m_AlwaysRefresh":false,"showFog":true,"showSkybox":false,"showFlares":true,"showImageEffects":true,"showParticleSystems":true,"showVisualEffectGraphs":true,"m_FxEnabled":true},"in2DMode":false,"pivot":{"x":-0.5038724541664124,"y":0.04844996705651283,"z":-2.336280345916748},"rotation":{"x":0.00005782400694442913,"y":-0.99790358543396,"z":0.06687031686306,"w":0.004186193458735943},"size":3.117126941680908,"orthographic":false}