{"cameraMode":{"drawMode":0,"name":"Shaded","section":"Shading Mode"},"sceneLighting":false,"audioPlay":false,"sceneViewState":{"m_AlwaysRefresh":false,"showFog":true,"showSkybox":false,"showFlares":true,"showImageEffects":true,"showParticleSystems":true,"showVisualEffectGraphs":true,"m_FxEnabled":true},"in2DMode":false,"pivot":{"x":0.0951639711856842,"y":0.9072391390800476,"z":1.0338348150253297},"rotation":{"x":-0.05228174850344658,"y":-0.69037926197052,"z":0.048602405935525897,"w":-0.7204674482345581},"size":1.2138950824737549,"orthographic":false}